gender,race/ethnicity,parental level of education,lunch,test preparation course,math score,reading score,writing score
female,group B,bachelor's degree,standard,none,72,72,
female,group C,some college,standard,completed,69,90,88
female,group B,master's degree,standard,none,90,95,93
male,group A,associate's degree,free/reduced,none,47,57,44
male,group C,some college,standard,none,76,78,75
female,group B,associate's degree,standard,none,71,83,78
female,group B,some college,standard,completed,88,95,92
male,group B,some college,free/reduced,none,40,43,39
male,group D,high school,free/reduced,completed,64,64,67
female,group B,high school,free/reduced,none,38,60,
male,group C,associate's degree,standard,none,58,54,52
male,group D,associate's degree,standard,none,40,52,43
female,group B,high school,standard,none,65,81,73
male,group A,some college,standard,completed,78,72,70
female,group A,master's degree,standard,none,50,53,58
female,group C,,standard,none,69,75,78
male,group C,high school,standard,none,88,89,86
female,group B,some high school,free/reduced,none,18,32,28
male,group C,master's degree,free/reduced,completed,46,42,46
